id,nameKey,iconSvg,descriptionKey,groundOffsetY
stage1,stage1Name,"<svg style=""color: #fff;"" width=""100"" height=""100"" viewBox=""0 0 100 100"" fill=""none"" xmlns=""http://www.w3.org/2000/svg"">
  <!-- 盾牌（只有描邊） -->
  <path d=""M50 5 C30 10, 15 30, 20 55 C25 80, 50 95, 50 95 C50 95, 75 80, 80 55 C85 30, 70 10, 50 5 Z"" 
        stroke=""currentColor"" stroke-width=""3"" fill=""none""/>
  <!-- 劍（實心） -->
  <rect x=""47"" y=""25"" width=""6"" height=""35"" fill=""currentColor""/>
  <polygon points=""44,25 50,10 56,25"" fill=""currentColor""/>
  <rect x=""42"" y=""58"" width=""16"" height=""4"" fill=""currentColor""/>
  <!-- 星星（實心） -->
  <polygon points=""50,35 52,40 57,40 53,43 55,48 50,45 45,48 47,43 43,40 48,40"" fill=""currentColor""/>
</svg>",stage1Description,-160
stage2,stage2Name,"<svg style=""color: #fff;"" width=""100"" height=""100"" viewBox=""0 0 100 100"" fill=""none"" xmlns=""http://www.w3.org/2000/svg"">
  <!-- Tree trunk -->
  <rect x=""45"" y=""60"" width=""10"" height=""25"" fill=""currentColor""/>
  
  <!-- Tree canopy (3 circles for foliage) -->
  <circle cx=""50"" cy=""45"" r=""18"" fill=""currentColor""/>
  <circle cx=""40"" cy=""50"" r=""15"" fill=""currentColor""/>
  <circle cx=""60"" cy=""50"" r=""15"" fill=""currentColor""/>
  
  <!-- Small leaves scattered around -->
  <path d=""M25 35 L30 32 L28 40 Z"" fill=""currentColor""/>
  <path d=""M70 30 L75 27 L73 35 Z"" fill=""currentColor""/>
  <path d=""M30 65 L35 62 L33 70 Z"" fill=""currentColor""/>
  
  <!-- Small berries/dots for forest floor -->
  <circle cx=""35"" cy=""75"" r=""2"" fill=""currentColor""/>
  <circle cx=""65"" cy=""78"" r=""2"" fill=""currentColor""/>
  <circle cx=""55"" cy=""85"" r=""1.5"" fill=""currentColor""/>
</svg>",stage2Description,-120